{
	"initX":110.192137,
	"initY":25.285082,
	"initLevel":11,
	"photos":[]
}